{"cameraMode":{"drawMode":0,"name":"Shaded","section":"Shading Mode"},"sceneLighting":true,"audioPlay":false,"sceneViewState":{"showFog":true,"showMaterialUpdate":false,"showSkybox":true,"showFlares":true,"showImageEffects":true,"showParticleSystems":true},"in2DMode":false,"pivot":{"x":0.5517578125,"y":2.78759765625,"z":3.2724609375},"rotation":{"x":0.020743926987051965,"y":0.3870163559913635,"z":-0.008709457702934742,"w":0.92179936170578},"size":7.086766719818115,"orthographic":true}