{"cameraMode":{"drawMode":0,"name":"Shaded","section":"Shading Mode"},"sceneLighting":false,"audioPlay":false,"sceneViewState":{"showFog":true,"showMaterialUpdate":false,"showSkybox":false,"showFlares":true,"showImageEffects":true,"showParticleSystems":true},"in2DMode":false,"pivot":{"x":245.1414794921875,"y":33.682769775390628,"z":44.79046630859375},"rotation":{"x":0.2245626151561737,"y":-0.11080929636955261,"z":0.025711629539728166,"w":0.9677975177764893},"size":10.0,"orthographic":false}